{
  "Total" : {
    "transaction" : "Total",
    "sampleCount" : 12,
    "errorCount" : 0,
    "errorPct" : 0.0,
    "meanResTime" : 7230.0,
    "medianResTime" : 8043.0,
    "minResTime" : 567.0,
    "maxResTime" : 20412.0,
    "pct1ResTime" : 18463.800000000007,
    "pct2ResTime" : 20412.0,
    "pct3ResTime" : 20412.0,
    "throughput" : 0.40484464086906646,
    "receivedKBytesPerSec" : 0.23965168600924397,
    "sentKBytesPerSec" : 0.06885785314260653
  },
  "Sampler 1 - HTTP GET Request" : {
    "transaction" : "Sampler 1 - HTTP GET Request",
    "sampleCount" : 6,
    "errorCount" : 0,
    "errorPct" : 0.0,
    "meanResTime" : 8497.333333333332,
    "medianResTime" : 9489.5,
    "minResTime" : 567.0,
    "maxResTime" : 20412.0,
    "pct1ResTime" : 20412.0,
    "pct2ResTime" : 20412.0,
    "pct3ResTime" : 20412.0,
    "throughput" : 0.20242232043453323,
    "receivedKBytesPerSec" : 0.09547849684558551,
    "sentKBytesPerSec" : 0.021942263250227727
  },
  "Sampler 3 - HTTP POST JSON API" : {
    "transaction" : "Sampler 3 - HTTP POST JSON API",
    "sampleCount" : 2,
    "errorCount" : 0,
    "errorPct" : 0.0,
    "meanResTime" : 1213.5,
    "medianResTime" : 1213.5,
    "minResTime" : 849.0,
    "maxResTime" : 1578.0,
    "pct1ResTime" : 1578.0,
    "pct2ResTime" : 1578.0,
    "pct3ResTime" : 1578.0,
    "throughput" : 0.3830683777054204,
    "receivedKBytesPerSec" : 0.2783231181765945,
    "sentKBytesPerSec" : 0.08229984677264891
  },
  "Sampler 2 - HTTP POST Form" : {
    "transaction" : "Sampler 2 - HTTP POST Form",
    "sampleCount" : 4,
    "errorCount" : 0,
    "errorPct" : 0.0,
    "meanResTime" : 8337.25,
    "medianResTime" : 8892.0,
    "minResTime" : 1647.0,
    "maxResTime" : 13918.0,
    "pct1ResTime" : 13918.0,
    "pct2ResTime" : 13918.0,
    "pct3ResTime" : 13918.0,
    "throughput" : 0.17638239703677575,
    "receivedKBytesPerSec" : 0.12436336978569539,
    "sentKBytesPerSec" : 0.04237311491313167
  }
}