{
  "Total" : {
    "transaction" : "Total",
    "sampleCount" : 200,
    "errorCount" : 5,
    "errorPct" : 2.5,
    "meanResTime" : 12273.57,
    "medianResTime" : 11958.5,
    "minResTime" : 480.0,
    "maxResTime" : 49561.0,
    "pct1ResTime" : 28329.9,
    "pct2ResTime" : 34820.95,
    "pct3ResTime" : 49196.09000000005,
    "throughput" : 2.380924036618612,
    "receivedKBytesPerSec" : 1.2987545349162508,
    "sentKBytesPerSec" : 0.3569060933798407
  },
  "Yeu cau 1: Vao trang chu" : {
    "transaction" : "Yeu cau 1: Vao trang chu",
    "sampleCount" : 100,
    "errorCount" : 3,
    "errorPct" : 3.0,
    "meanResTime" : 12376.330000000002,
    "medianResTime" : 13194.5,
    "minResTime" : 480.0,
    "maxResTime" : 37735.0,
    "pct1ResTime" : 27571.600000000006,
    "pct2ResTime" : 33451.14999999998,
    "pct3ResTime" : 37734.39,
    "throughput" : 2.1335609131640707,
    "receivedKBytesPerSec" : 0.9931684379667165,
    "sentKBytesPerSec" : 0.23127466929805848
  },
  "Yeu cau 2: Gui du lieu Post" : {
    "transaction" : "Yeu cau 2: Gui du lieu Post",
    "sampleCount" : 100,
    "errorCount" : 2,
    "errorPct" : 2.0,
    "meanResTime" : 12170.810000000001,
    "medianResTime" : 2280.0,
    "minResTime" : 490.0,
    "maxResTime" : 49561.0,
    "pct1ResTime" : 33126.8,
    "pct2ResTime" : 42677.09999999999,
    "pct3ResTime" : 49557.89,
    "throughput" : 1.2159237372631988,
    "receivedKBytesPerSec" : 0.7605223000413414,
    "sentKBytesPerSec" : 0.23273540283553415
  }
}