{
  "HTTP - POST Stress Bac 1" : {
    "transaction" : "HTTP - POST Stress Bac 1",
    "sampleCount" : 5,
    "errorCount" : 0,
    "errorPct" : 0.0,
    "meanResTime" : 12929.4,
    "medianResTime" : 1899.0,
    "minResTime" : 1546.0,
    "maxResTime" : 31795.0,
    "pct1ResTime" : 31795.0,
    "pct2ResTime" : 31795.0,
    "pct3ResTime" : 31795.0,
    "throughput" : 0.14239740267137527,
    "receivedKBytesPerSec" : 0.09011085637797966,
    "sentKBytesPerSec" : 0.027255752855067924
  },
  "HTTP - POST Stress Bac 2" : {
    "transaction" : "HTTP - POST Stress Bac 2",
    "sampleCount" : 8,
    "errorCount" : 0,
    "errorPct" : 0.0,
    "meanResTime" : 7348.5,
    "medianResTime" : 1236.5,
    "minResTime" : 666.0,
    "maxResTime" : 23152.0,
    "pct1ResTime" : 23152.0,
    "pct2ResTime" : 23152.0,
    "pct3ResTime" : 23152.0,
    "throughput" : 0.2725816893250196,
    "receivedKBytesPerSec" : 0.17249310027598896,
    "sentKBytesPerSec" : 0.052173838972367034
  },
  "HTTP - GET Load Test" : {
    "transaction" : "HTTP - GET Load Test",
    "sampleCount" : 2,
    "errorCount" : 0,
    "errorPct" : 0.0,
    "meanResTime" : 18840.0,
    "medianResTime" : 18840.0,
    "minResTime" : 15430.0,
    "maxResTime" : 22250.0,
    "pct1ResTime" : 22250.0,
    "pct2ResTime" : 22250.0,
    "pct3ResTime" : 22250.0,
    "throughput" : 0.08988764044943821,
    "receivedKBytesPerSec" : 0.04239817415730337,
    "sentKBytesPerSec" : 0.009743679775280898
  },
  "Total" : {
    "transaction" : "Total",
    "sampleCount" : 18,
    "errorCount" : 0,
    "errorPct" : 0.0,
    "meanResTime" : 11690.722222222223,
    "medianResTime" : 6473.0,
    "minResTime" : 666.0,
    "maxResTime" : 31795.0,
    "pct1ResTime" : 31726.6,
    "pct2ResTime" : 31795.0,
    "pct3ResTime" : 31795.0,
    "throughput" : 0.36493390641472706,
    "receivedKBytesPerSec" : 0.2146006191205093,
    "sentKBytesPerSec" : 0.06143608461398103
  },
  "HTTP - GET Endurance Test" : {
    "transaction" : "HTTP - GET Endurance Test",
    "sampleCount" : 3,
    "errorCount" : 0,
    "errorPct" : 0.0,
    "meanResTime" : 16439.333333333332,
    "medianResTime" : 16672.0,
    "minResTime" : 927.0,
    "maxResTime" : 31719.0,
    "pct1ResTime" : 31719.0,
    "pct2ResTime" : 31719.0,
    "pct3ResTime" : 31719.0,
    "throughput" : 0.060823550878900304,
    "receivedKBytesPerSec" : 0.02868923347120005,
    "sentKBytesPerSec" : 0.006593177878474545
  }
}