{
  "Total" : {
    "transaction" : "Total",
    "sampleCount" : 10,
    "errorCount" : 0,
    "errorPct" : 0.0,
    "meanResTime" : 3150.3999999999996,
    "medianResTime" : 2796.0,
    "minResTime" : 889.0,
    "maxResTime" : 9126.0,
    "pct1ResTime" : 8666.000000000002,
    "pct2ResTime" : 9126.0,
    "pct3ResTime" : 9126.0,
    "throughput" : 0.8716116098666434,
    "receivedKBytesPerSec" : 0.4111214917632703,
    "sentKBytesPerSec" : 0.09448133661640372
  },
  "HTTP Request Pass" : {
    "transaction" : "HTTP Request Pass",
    "sampleCount" : 10,
    "errorCount" : 0,
    "errorPct" : 0.0,
    "meanResTime" : 3150.3999999999996,
    "medianResTime" : 2796.0,
    "minResTime" : 889.0,
    "maxResTime" : 9126.0,
    "pct1ResTime" : 8666.000000000002,
    "pct2ResTime" : 9126.0,
    "pct3ResTime" : 9126.0,
    "throughput" : 0.8716116098666434,
    "receivedKBytesPerSec" : 0.4111214917632703,
    "sentKBytesPerSec" : 0.09448133661640372
  }
}